{"browsers":[{"browser":"Chrome","os":"","versions":["91","92"],"device":"desktop","label":"Chrome","versionStr":"92","key":"chrome"},{"browser":"Edge","os":"","versions":["91","92"],"device":"desktop","label":"Edge","versionStr":"92","key":"edge"},{"browser":"Firefox","os":"","versions":["90","91"],"device":"desktop","label":"Firefox","versionStr":"91","key":"firefox"},{"browser":"Internet Explorer","os":"","versions":["11"],"device":"desktop","label":"Internet Explorer","versionStr":"11","key":"internet-explorer"},{"browser":"Safari","os":"","versions":["14","14.1"],"device":"desktop","label":"Safari","versionStr":"14.1","key":"safari"},{"browser":"Chrome","os":"Android","versions":["92"],"device":"mobile","label":"Chrome\/Android","versionStr":"92","key":"chrome-android"},{"browser":"Firefox","os":"Android","versions":["90"],"device":"mobile","label":"Firefox\/Android","versionStr":"90","key":"firefox-android"},{"browser":"Safari","os":"iOS","versions":["14.0-14.4","14.5-14.7"],"device":"mobile","label":"Safari\/iOS","versionStr":"14.5-14.7","key":"safari-ios"}],"viewportDevices":[{"env":{"screen":{"width":1920,"height":1080,"aspectRatio":"16:9","orientation":"landscape"},"tao":{"release":"3.4.0","testRunner":"Terre"},"browser":{"name":"Chrome","version":"92"},"device":{"vendor,":"","model,":"","type,":""},"os":{"name":"Windows","version":"10"},"date":"2021-08-06T19:42:05.798Z","key":"1920-1080-landscape","deviceStr":"","label":"1920 \u00d7 1080"},"interactions":[{"comment":"Failed","key":"hotspot","label":"Hotspot","response":"no"},{"comment":"Failed","key":"graphic-gap-match","label":"Graphic Gap Match","response":"no"},{"comment":"Failed","key":"gap-match","label":"Gap Match","response":"no"},{"comment":"something went wrong","key":"choice","label":"Choice","response":"no"},{"comment":"nothing went wrong","key":"match","label":"Match","response":"yes"},{"comment":"Failed","key":"text-entry","label":"Text Entry","response":"no"},{"comment":"Failed","key":"slider","label":"Slider","response":"no"}]}],"server":{"stack":{"databases":[{"label":"MySQL","versions":["5.7"],"versionStr":"5.7","key":"mysql"},{"label":"MariaDB","versions":["10.4"],"versionStr":"10.4","key":"mariadb"},{"label":"PostgreSQL","versions":["9.6"],"versionStr":"9.6","key":"postgresql"}],"servers":[{"label":"Apache","versions":["2.4"],"versionStr":"2.4","key":"apache"},{"label":"nginx","versions":["1.2"],"versionStr":"1.2","key":"nginx"}],"languages":[{"label":"PHP","versions":["7.4"],"versionStr":"7.4","key":"php"}]}},"downloads":{"virtualized":{"hosts":[{"label":"Install Docker Desktop","access":"https:\/\/www.docker.com\/products\/docker-desktop"}],"containers":[{"label":"Start TAO from the command line","access":"docker run tao-3.4.0"}]},"source":{"archives":[{"label":"Zip Archive","access":"https:\/\/path\/to\/tao-3.4.0.zip"}],"vcs":[{"label":"TAO on GitHub","access":"https:\/\/github.com\/oat-sa\/repo.git"}]}},"release":"3.4.0","lastMod":"2021-08-14T16:33:06.918Z"}